date,short_rate,long_rate
2006-01-01,1.5,2.0
2006-02-01,1.5,2.0
2006-03-01,1.634,2.182
2006-04-01,1.824,2.093
2006-05-01,1.819,2.397
2006-06-01,1.895,2.472
2006-07-01,2.033,2.549
2006-08-01,2.091,2.932
2006-09-01,2.411,3.011
2006-10-01,2.535,3.042
2006-11-01,2.586,3.198
2006-12-01,2.366,3.212
2007-01-01,2.497,3.082
2007-02-01,2.831,2.99
2007-03-01,2.53,3.056
2007-04-01,2.467,2.964
2007-05-01,2.354,2.972
2007-06-01,2.244,2.76
2007-07-01,2.365,2.739
2007-08-01,2.429,2.58
2007-09-01,2.305,2.555
2007-10-01,2.171,2.62
2007-11-01,1.968,2.47
2007-12-01,1.652,2.419
2008-01-01,2.025,2.501
2008-02-01,2.001,2.255
2008-03-01,2.089,2.219
2008-04-01,1.96,2.099
2008-05-01,1.853,2.171
2008-06-01,2.059,2.363
2008-07-01,2.26,2.498
2008-08-01,2.612,2.845
2008-09-01,2.477,3.244
2008-10-01,2.562,3.354
2008-11-01,2.727,3.655
2008-12-01,2.749,3.585
2009-01-01,2.696,3.376
2009-02-01,2.716,3.238
2009-03-01,2.69,3.158
2009-04-01,2.67,3.407
2009-05-01,2.495,3.036
2009-06-01,2.486,2.947
2009-07-01,2.55,2.913
2009-08-01,2.468,2.823
2009-09-01,2.669,3.054
2009-10-01,2.712,2.973
2009-11-01,2.653,3.032
2009-12-01,2.692,3.147
2010-01-01,2.832,3.126
2010-02-01,2.762,2.871
2010-03-01,2.545,2.973
2010-04-01,2.626,2.814
2010-05-01,2.291,2.558
2010-06-01,2.309,3.018
2010-07-01,2.475,3.13
2010-08-01,2.43,3.057
2010-09-01,2.459,2.875
2010-10-01,2.26,2.982
2010-11-01,2.262,2.94
2010-12-01,2.523,3.229
2011-01-01,2.583,3.222
2011-02-01,2.375,3.295
2011-03-01,2.37,3.362
2011-04-01,2.572,3.264
2011-05-01,2.937,3.408
2011-06-01,2.909,3.457
2011-07-01,2.839,3.445
2011-08-01,3.015,3.35
2011-09-01,2.982,3.518
2011-10-01,3.304,3.935
2011-11-01,3.601,4.235
2011-12-01,3.606,4.591
2012-01-01,3.869,4.623
2012-02-01,4.014,4.606
2012-03-01,4.161,4.599
2012-04-01,4.076,4.454
2012-05-01,4.039,4.448
2012-06-01,4.062,4.433
2012-07-01,3.913,4.294
2012-08-01,4.236,4.794
2012-09-01,4.586,5.171
2012-10-01,4.596,5.041
2012-11-01,4.558,5.102
2012-12-01,4.697,5.462
2013-01-01,4.909,5.301
2013-02-01,4.877,5.198
2013-03-01,4.863,5.204
2013-04-01,4.935,5.121
2013-05-01,5.229,5.227
2013-06-01,4.805,5.184
2013-07-01,4.656,5.06
2013-08-01,4.523,5.144
2013-09-01,4.476,5.251
2013-10-01,4.641,5.246
2013-11-01,4.571,5.472
2013-12-01,4.763,5.242
2014-01-01,4.723,5.201
2014-02-01,4.967,5.346
2014-03-01,4.995,5.458
2014-04-01,5.061,5.574
2014-05-01,4.901,5.515
2014-06-01,4.984,5.529
2014-07-01,4.968,5.381
2014-08-01,4.911,5.241
2014-09-01,4.917,5.318
2014-10-01,4.964,5.449
2014-11-01,5.028,5.641
2014-12-01,5.136,5.625
2015-01-01,5.465,5.993
2015-02-01,5.757,6.099
2015-03-01,5.758,6.194
2015-04-01,5.466,6.069
2015-05-01,5.221,6.003
2015-06-01,5.068,5.934
2015-07-01,4.979,5.629
2015-08-01,4.707,5.657
2015-09-01,4.74,5.776
2015-10-01,4.841,5.774
2015-11-01,5.207,5.999
2015-12-01,5.35,6.042
2016-01-01,5.202,6.062
2016-02-01,5.323,6.164
2016-03-01,5.524,6.551
2016-04-01,5.765,6.688
2016-05-01,5.887,6.511
2016-06-01,5.918,6.401
2016-07-01,5.726,6.185
2016-08-01,5.679,6.37
2016-09-01,5.778,6.447
2016-10-01,5.888,6.674
2016-11-01,5.698,6.657
2016-12-01,6.133,6.651
2017-01-01,6.197,6.788
2017-02-01,5.952,6.753
2017-03-01,5.837,6.963
2017-04-01,6.157,7.24
2017-05-01,6.143,7.318
2017-06-01,6.242,7.279
2017-07-01,6.331,7.353
2017-08-01,6.336,7.489
2017-09-01,6.502,7.622
2017-10-01,6.719,7.63
2017-11-01,6.702,7.391
2017-12-01,6.664,7.164
2018-01-01,6.768,7.117
2018-02-01,6.681,7.011
2018-03-01,6.566,6.748
2018-04-01,6.874,6.764
2018-05-01,6.499,6.736
2018-06-01,6.116,6.687
2018-07-01,6.196,6.595
2018-08-01,6.146,6.431
2018-09-01,6.006,6.454
2018-10-01,6.007,6.653
2018-11-01,6.165,6.663
2018-12-01,6.421,6.614
2019-01-01,6.272,6.737
2019-02-01,6.289,6.952
2019-03-01,6.506,7.138
2019-04-01,6.434,7.107
2019-05-01,6.499,6.838
2019-06-01,6.394,6.964
2019-07-01,6.349,6.916
2019-08-01,6.554,7.093
2019-09-01,6.327,6.993
2019-10-01,6.425,7.05
2019-11-01,6.726,7.377
2019-12-01,6.822,7.592
2020-01-01,6.899,7.423
2020-02-01,6.751,7.309
2020-03-01,6.674,6.95
2020-04-01,6.844,6.842
2020-05-01,6.366,6.674
2020-06-01,6.331,6.55
2020-07-01,6.071,6.511
2020-08-01,5.701,6.143
2020-09-01,5.76,6.235
2020-10-01,5.869,6.276
2020-11-01,5.988,6.452
2020-12-01,6.047,6.453
2021-01-01,5.733,6.038
2021-02-01,5.477,5.784
2021-03-01,5.237,5.7
2021-04-01,5.178,5.849
2021-05-01,5.374,6.038
2021-06-01,5.357,6.183
2021-07-01,5.294,6.21
2021-08-01,5.358,6.14
2021-09-01,5.456,6.316
2021-10-01,5.665,6.465
2021-11-01,5.543,6.434
2021-12-01,5.517,6.448
2022-01-01,5.249,6.127
2022-02-01,5.3,6.385
2022-03-01,5.689,6.585
2022-04-01,5.741,6.31
2022-05-01,5.648,6.179
2022-06-01,5.818,6.367
2022-07-01,5.543,6.168
2022-08-01,5.78,6.491
2022-09-01,5.73,6.527
2022-10-01,5.686,6.153
2022-11-01,5.644,6.146
2022-12-01,5.601,6.146
2023-01-01,5.679,6.121
2023-02-01,5.588,5.965
2023-03-01,5.591,5.679
2023-04-01,5.103,5.524
2023-05-01,5.056,5.612
2023-06-01,4.835,5.625
2023-07-01,4.787,5.73
2023-08-01,4.895,5.817
2023-09-01,5.123,5.994
2023-10-01,4.985,5.846
2023-11-01,5.288,5.972
2023-12-01,5.336,5.968
2024-01-01,5.138,5.874
2024-02-01,5.43,5.725
2024-03-01,5.673,5.87
2024-04-01,5.663,5.806
