date,return
2018-01-02,0.5635
2018-01-03,-0.4712
2018-01-04,-0.0997
2018-01-05,1.7443
2018-01-08,0.8816
2018-01-09,0.0626
2018-01-10,-1.0269
2018-01-11,-2.9015
2018-01-12,-1.9048
2018-01-15,0.545
2018-01-16,0.0893
2018-01-17,-2.0802
2018-01-18,-0.3728
2018-01-19,-2.1017
2018-01-22,1.4134
2018-01-23,-0.0727
2018-01-24,-3.2574
2018-01-25,-2.3466
2018-01-26,0.8319
2018-01-29,-1.4129
2018-01-30,1.1581
2018-01-31,-4.009
2018-02-01,0.9448
2018-02-02,0.3941
2018-02-05,-0.7346
2018-02-06,-1.2787
2018-02-07,2.151
2018-02-08,2.0619
2018-02-09,0.9995
2018-02-12,-1.0809
2018-02-13,2.9052
2018-02-14,-1.1735
2018-02-15,-1.1477
2018-02-16,1.7679
2018-02-19,-0.5653
2018-02-20,-0.2601
2018-02-21,-0.8716
2018-02-22,0.4434
2018-02-23,0.7215
2018-02-26,-3.2631
2018-02-27,1.1823
2018-02-28,3.8281
2018-03-01,0.1021
2018-03-02,-2.0219
2018-03-05,-0.9104
2018-03-06,2.1266
2018-03-07,-1.6531
2018-03-08,2.0788
2018-03-09,0.1401
2018-03-12,-2.7597
2018-03-13,3.1035
2018-03-14,-1.2715
2018-03-15,1.1345
2018-03-16,3.8356
2018-03-19,-0.8362
2018-03-20,0.2611
2018-03-21,-4.8184
2018-03-22,-0.9796
2018-03-23,-0.0304
2018-03-26,-0.4793
2018-03-27,0.2032
2018-03-28,-1.7032
2018-03-29,-3.0963
2018-03-30,-4.471
2018-04-02,1.041
2018-04-03,-1.014
2018-04-04,-2.4022
2018-04-05,2.1432
2018-04-06,0.9496
2018-04-09,2.8902
2018-04-10,-2.4299
2018-04-11,-0.494
2018-04-12,-0.1408
2018-04-13,-1.588
2018-04-16,2.0313
2018-04-17,0.6089
2018-04-18,0.5658
2018-04-19,1.3825
2018-04-20,-0.3193
2018-04-23,0.059
2018-04-24,1.7526
2018-04-25,2.0901
2018-04-26,0.6007
2018-04-27,-1.7021
2018-04-30,0.7121
2018-05-01,0.9779
2018-05-02,1.1247
2018-05-03,-3.2482
2018-05-04,0.9487
2018-05-07,2.2591
2018-05-08,1.4773
2018-05-09,0.6119
2018-05-10,1.3316
2018-05-11,-0.1683
2018-05-14,-0.7799
2018-05-15,-0.5707
2018-05-16,1.0258
2018-05-17,1.2394
2018-05-18,3.7693
2018-05-21,1.3009
2018-05-22,-1.8196
2018-05-23,-3.6043
2018-05-24,-1.0721
2018-05-25,0.7431
2018-05-28,-1.5247
2018-05-29,0.9567
2018-05-30,-2.2469
2018-05-31,-1.0001
2018-06-01,-4.613
2018-06-04,-1.6363
2018-06-05,-3.6424
2018-06-06,5.8266
2018-06-07,6.7629
2018-06-08,-2.0912
2018-06-11,1.8259
2018-06-12,-0.8895
2018-06-13,2.0827
2018-06-14,-2.1114
2018-06-15,4.1162
2018-06-18,-5.3482
2018-06-19,0.2768
2018-06-20,0.2877
2018-06-21,-5.2633
2018-06-22,-3.0872
2018-06-25,0.8768
2018-06-26,2.4743
2018-06-27,2.5312
2018-06-28,3.4182
2018-06-29,0.0842
2018-07-02,0.0585
2018-07-03,-2.3881
2018-07-04,-4.8132
2018-07-05,3.2256
2018-07-06,-5.8417
2018-07-09,0.6752
2018-07-10,-4.0932
2018-07-11,0.0336
2018-07-12,-0.1573
2018-07-13,2.6964
2018-07-16,-8.101
2018-07-17,1.862
2018-07-18,2.4846
2018-07-19,5.5464
2018-07-20,1.5003
2018-07-23,4.2353
2018-07-24,5.9403
2018-07-25,4.4403
2018-07-26,6.9915
2018-07-27,-3.9015
2018-07-30,-0.6836
2018-07-31,1.3524
2018-08-01,1.1507
2018-08-02,2.873
2018-08-03,-0.4639
2018-08-06,-5.1235
2018-08-07,3.6739
2018-08-08,-5.1779
2018-08-09,-8.4307
2018-08-10,5.1743
2018-08-13,-3.8612
2018-08-14,-10.89
2018-08-15,1.9695
2018-08-16,-7.6485
2018-08-17,-12.4558
2018-08-20,15.4815
2018-08-21,-5.0257
2018-08-22,-14.8466
2018-08-23,6.3353
2018-08-24,-15.753
2018-08-27,-5.3488
2018-08-28,6.877
2018-08-29,-0.5724
2018-08-30,17.464
2018-08-31,-4.626
2018-09-03,-0.4916
2018-09-04,9.0315
2018-09-05,4.4846
2018-09-06,-13.936
2018-09-07,-6.077
2018-09-10,-1.622
2018-09-11,9.9582
2018-09-12,-8.3651
2018-09-13,8.4468
2018-09-14,3.634
2018-09-17,5.2203
2018-09-18,-0.5975
2018-09-19,-7.4856
2018-09-20,-1.675
2018-09-21,5.2177
2018-09-24,-0.2541
2018-09-25,7.8209
2018-09-26,-6.9682
2018-09-27,4.4378
2018-09-28,0.0911
2018-10-01,6.1109
2018-10-02,-4.0014
2018-10-03,6.0156
2018-10-04,-4.5989
2018-10-05,-8.2179
2018-10-08,-12.5395
2018-10-09,-0.6076
2018-10-10,-1.6812
2018-10-11,6.787
2018-10-12,4.0344
2018-10-15,-2.7924
2018-10-16,-10.7725
2018-10-17,8.21
2018-10-18,-1.9498
2018-10-19,-3.4854
2018-10-22,-5.6465
2018-10-23,-4.114
2018-10-24,5.5746
2018-10-25,4.226
2018-10-26,-4.5644
2018-10-29,1.061
2018-10-30,-1.7229
2018-10-31,-4.6347
2018-11-01,12.4414
2018-11-02,-5.3893
2018-11-05,0.5038
2018-11-06,-0.319
2018-11-07,-0.7512
2018-11-08,-5.5904
2018-11-09,0.1516
2018-11-12,1.2757
2018-11-13,-1.1644
2018-11-14,-3.2056
2018-11-15,2.348
2018-11-16,2.2745
2018-11-19,-0.1425
2018-11-20,-0.8032
2018-11-21,-3.2357
2018-11-22,1.5377
2018-11-23,4.1205
2018-11-26,0.7507
2018-11-27,-3.3085
2018-11-28,1.3986
2018-11-29,-2.6598
2018-11-30,-3.5133
2018-12-03,-1.4461
2018-12-04,3.1634
2018-12-05,1.9696
2018-12-06,-0.0856
2018-12-07,-1.9378
2018-12-10,-4.745
2018-12-11,1.9387
2018-12-12,-4.0992
2018-12-13,-4.5136
2018-12-14,7.5733
2018-12-17,9.6871
2018-12-18,-1.8287
2018-12-19,8.5106
2018-12-20,6.3482
2018-12-21,2.0367
2018-12-24,-2.2389
2018-12-25,-5.0816
2018-12-26,-8.3087
2018-12-27,-2.9144
2018-12-28,-3.9581
2018-12-31,8.9196
2019-01-01,-1.7434
2019-01-02,-0.1858
2019-01-03,-0.2779
2019-01-04,0.6729
2019-01-07,-2.6497
2019-01-08,6.0432
2019-01-09,2.7703
2019-01-10,-2.2404
2019-01-11,6.4723
2019-01-14,-0.8641
2019-01-15,0.4789
2019-01-16,3.365
2019-01-17,-3.3827
2019-01-18,-6.1223
2019-01-21,-2.4448
2019-01-22,4.5611
2019-01-23,-2.8493
2019-01-24,-8.7505
2019-01-25,0.4504
2019-01-28,0.989
2019-01-29,6.1467
2019-01-30,-2.7302
2019-01-31,-0.8717
2019-02-01,-5.1474
2019-02-04,-4.1407
2019-02-05,3.0069
2019-02-06,-0.9572
2019-02-07,-6.0509
2019-02-08,-3.0281
2019-02-11,2.4315
2019-02-12,-1.175
2019-02-13,-2.8981
2019-02-14,-0.8121
2019-02-15,2.2053
2019-02-18,0.9792
2019-02-19,-2.0069
2019-02-20,0.5155
2019-02-21,-4.6689
2019-02-22,1.1797
2019-02-25,6.9398
2019-02-26,0.8971
2019-02-27,-6.068
2019-02-28,-1.6032
2019-03-01,-2.3304
2019-03-04,0.0251
2019-03-05,-0.5256
2019-03-06,0.9941
2019-03-07,-0.9667
2019-03-08,1.1952
2019-03-11,-0.8939
2019-03-12,-1.2064
2019-03-13,1.8595
2019-03-14,0.125
2019-03-15,-0.2176
2019-03-18,1.9922
2019-03-19,-1.5225
2019-03-20,-0.2944
2019-03-21,-0.7404
2019-03-22,-2.9339
2019-03-25,0.5152
2019-03-26,3.1494
2019-03-27,-0.2517
2019-03-28,-0.244
2019-03-29,2.8468
2019-04-01,-0.4766
2019-04-02,-0.3902
2019-04-03,-0.3905
2019-04-04,-1.3096
2019-04-05,2.0135
2019-04-08,0.1134
2019-04-09,-1.3984
2019-04-10,0.8923
2019-04-11,1.0532
2019-04-12,-3.5701
2019-04-15,3.3158
2019-04-16,-3.5118
2019-04-17,-6.4905
2019-04-18,5.8868
2019-04-19,4.1697
2019-04-22,0.1891
2019-04-23,0.5288
2019-04-24,2.1143
2019-04-25,-0.4353
2019-04-26,2.2567
2019-04-29,4.1834
2019-04-30,2.1534
2019-05-01,1.0175
2019-05-02,2.9006
2019-05-03,2.4842
2019-05-06,-1.4587
2019-05-07,2.1877
2019-05-08,-0.5099
2019-05-09,1.3283
2019-05-10,-2.2468
2019-05-13,-1.0495
2019-05-14,-2.9407
2019-05-15,-0.7273
2019-05-16,0.2565
2019-05-17,0.4348
2019-05-20,0.3527
2019-05-21,0.213
2019-05-22,-0.8809
2019-05-23,1.839
2019-05-24,3.1891
2019-05-27,0.3762
2019-05-28,1.6866
2019-05-29,-2.0301
2019-05-30,-0.3165
2019-05-31,0.5097
2019-06-03,1.4887
2019-06-04,0.2463
2019-06-05,0.6126
2019-06-06,1.6648
2019-06-07,-1.9311
2019-06-10,2.4766
2019-06-11,-1.2618
2019-06-12,1.1633
2019-06-13,0.7142
2019-06-14,1.6077
2019-06-17,0.3633
2019-06-18,1.6977
2019-06-19,1.1916
2019-06-20,0.7602
2019-06-21,2.2187
2019-06-24,0.4921
2019-06-25,-0.8557
2019-06-26,-2.0328
2019-06-27,0.2019
2019-06-28,0.3782
2019-07-01,1.9847
2019-07-02,0.9973
2019-07-03,0.2347
2019-07-04,-0.6867
2019-07-05,0.0629
2019-07-08,-1.1482
2019-07-09,1.6543
2019-07-10,0.0044
2019-07-11,-0.2591
2019-07-12,-0.8902
2019-07-15,1.1714
2019-07-16,-0.2546
2019-07-17,0.038
2019-07-18,-1.0395
2019-07-19,0.1325
2019-07-22,-0.7701
2019-07-23,-0.2384
2019-07-24,-1.3048
2019-07-25,-1.0048
2019-07-26,0.1595
2019-07-29,1.2802
2019-07-30,0.2828
2019-07-31,-1.8412
2019-08-01,0.9302
2019-08-02,0.5507
2019-08-05,1.1444
2019-08-06,1.5968
2019-08-07,-2.0165
2019-08-08,0.2081
2019-08-09,0.4687
2019-08-12,-0.1831
2019-08-13,0.7071
2019-08-14,-0.4354
2019-08-15,0.3016
2019-08-16,-0.4269
2019-08-19,-1.6412
2019-08-20,-0.5287
2019-08-21,0.8251
2019-08-22,-1.1087
2019-08-23,-2.2954
2019-08-26,1.2759
2019-08-27,0.2469
2019-08-28,-1.8601
2019-08-29,-1.1709
2019-08-30,1.048
2019-09-02,0.5439
2019-09-03,1.6632
2019-09-04,2.1367
2019-09-05,-2.2225
2019-09-06,-2.44
2019-09-09,0.6915
2019-09-10,-2.8107
2019-09-11,0.7468
2019-09-12,2.5598
2019-09-13,-0.7162
2019-09-16,2.0163
2019-09-17,2.1109
2019-09-18,0.2133
2019-09-19,0.1346
2019-09-20,-1.0633
2019-09-23,0.9948
2019-09-24,0.5085
2019-09-25,0.181
2019-09-26,-1.1247
2019-09-27,-1.1963
2019-09-30,-0.4153
2019-10-01,-0.1815
2019-10-02,-0.9064
2019-10-03,1.1512
2019-10-04,-1.662
2019-10-07,1.9423
2019-10-08,-0.9397
2019-10-09,-1.4283
2019-10-10,0.9564
2019-10-11,0.8799
2019-10-14,-0.0562
2019-10-15,0.9128
2019-10-16,0.5713
2019-10-17,-1.8631
2019-10-18,-0.1682
2019-10-21,-0.8527
2019-10-22,-1.6817
2019-10-23,-0.2278
2019-10-24,-0.8906
2019-10-25,-2.102
2019-10-28,-0.144
2019-10-29,-0.6278
2019-10-30,-1.1981
2019-10-31,-2.1903
2019-11-01,0.9448
2019-11-04,-1.6885
2019-11-05,-3.0568
2019-11-06,2.7391
2019-11-07,-0.4189
2019-11-08,2.8431
2019-11-11,-1.0236
2019-11-12,-0.7185
2019-11-13,-0.0475
2019-11-14,-0.5664
2019-11-15,-0.8792
2019-11-18,-0.347
2019-11-19,-1.1902
2019-11-20,0.4169
2019-11-21,-1.5148
2019-11-22,1.7136
2019-11-25,-1.866
2019-11-26,0.8028
2019-11-27,0.9913
2019-11-28,2.4528
2019-11-29,1.4136
2019-12-02,-1.0181
2019-12-03,1.3196
2019-12-04,-3.4109
2019-12-05,2.8139
2019-12-06,0.5357
2019-12-09,1.7444
2019-12-10,-1.9956
2019-12-11,1.9284
2019-12-12,-1.1937
2019-12-13,-1.5554
2019-12-16,0.3288
2019-12-17,2.5557
2019-12-18,-1.8725
2019-12-19,2.7017
2019-12-20,-0.7634
2019-12-23,2.5131
2019-12-24,2.0239
2019-12-25,0.9522
2019-12-26,-3.5896
2019-12-27,0.0108
2019-12-30,-0.7478
2019-12-31,0.4957
2020-01-01,-1.0168
2020-01-02,0.3589
2020-01-03,0.0061
2020-01-06,-2.0228
2020-01-07,2.4343
2020-01-08,1.0025
2020-01-09,1.3797
2020-01-10,-0.3111
2020-01-13,0.4505
2020-01-14,-1.3135
2020-01-15,-0.3134
2020-01-16,3.5562
2020-01-17,-1.1756
2020-01-20,1.0843
2020-01-21,0.8265
2020-01-22,-1.1364
2020-01-23,-0.1656
2020-01-24,-1.0236
2020-01-27,1.3125
2020-01-28,3.0152
2020-01-29,-1.0773
2020-01-30,-1.2593
2020-01-31,-1.0613
2020-02-03,0.239
2020-02-04,-0.0428
2020-02-05,-1.2818
2020-02-06,1.2034
2020-02-07,-0.2451
2020-02-10,-1.572
2020-02-11,2.4566
2020-02-12,0.9282
2020-02-13,-2.4396
2020-02-14,-0.6669
2020-02-17,-1.3659
2020-02-18,-1.7095
2020-02-19,0.8196
2020-02-20,0.1746
2020-02-21,0.3999
2020-02-24,1.0314
2020-02-25,0.8336
2020-02-26,-0.6909
2020-02-27,-1.863
2020-02-28,1.7191
2020-03-02,-0.6898
2020-03-03,0.7554
2020-03-04,-1.3394
2020-03-05,-0.291
2020-03-06,0.249
2020-03-09,0.2069
2020-03-10,-0.379
2020-03-11,-0.6167
2020-03-12,1.1196
2020-03-13,-1.0698
2020-03-16,-2.9891
2020-03-17,-0.5202
2020-03-18,0.715
2020-03-19,2.2543
2020-03-20,-0.7253
2020-03-23,-1.2834
2020-03-24,0.299
2020-03-25,-1.9705
2020-03-26,-2.843
2020-03-27,1.2697
2020-03-30,0.9722
2020-03-31,0.2633
2020-04-01,1.5577
2020-04-02,1.0613
2020-04-03,0.7229
2020-04-06,-1.2471
2020-04-07,-1.0958
2020-04-08,1.8487
2020-04-09,-1.5994
2020-04-10,1.2068
2020-04-13,2.7912
2020-04-14,-1.9287
2020-04-15,1.6123
2020-04-16,0.5838
2020-04-17,2.1548
2020-04-20,-0.9485
2020-04-21,0.6483
2020-04-22,-0.3426
2020-04-23,0.3291
2020-04-24,0.5315
2020-04-27,0.752
2020-04-28,1.9071
2020-04-29,0.1996
2020-04-30,-0.7179
2020-05-01,-0.823
2020-05-04,-1.2429
2020-05-05,0.3359
2020-05-06,1.4344
2020-05-07,-0.1433
2020-05-08,0.3619
2020-05-11,-0.6518
2020-05-12,0.58
2020-05-13,-1.9266
2020-05-14,0.5228
2020-05-15,-0.1021
2020-05-18,0.9291
2020-05-19,0.272
2020-05-20,0.6621
2020-05-21,-1.9229
2020-05-22,-0.9103
2020-05-25,0.3384
2020-05-26,0.35
2020-05-27,1.4061
2020-05-28,1.0707
2020-05-29,-0.0324
2020-06-01,1.3505
2020-06-02,0.0021
2020-06-03,-1.7689
2020-06-04,1.0219
2020-06-05,0.9373
2020-06-08,0.6133
2020-06-09,-1.2518
2020-06-10,-0.4576
2020-06-11,0.3134
2020-06-12,-0.0761
2020-06-15,0.1063
2020-06-16,0.896
2020-06-17,0.6683
2020-06-18,-1.0526
2020-06-19,-2.2922
2020-06-22,1.266
2020-06-23,0.259
2020-06-24,-0.0392
2020-06-25,2.1187
2020-06-26,0.8256
2020-06-29,-0.571
2020-06-30,-2.5998
2020-07-01,0.4868
2020-07-02,1.0733
2020-07-03,1.8864
2020-07-06,-0.8946
2020-07-07,4.5897
2020-07-08,3.4569
2020-07-09,0.7387
2020-07-10,0.0956
2020-07-13,0.7769
2020-07-14,-2.9016
2020-07-15,0.5383
2020-07-16,-0.4407
2020-07-17,0.5721
2020-07-20,-1.6991
2020-07-21,1.1708
2020-07-22,-1.7666
2020-07-23,0.2464
2020-07-24,0.172
2020-07-27,-0.3713
2020-07-28,-0.166
2020-07-29,0.7557
2020-07-30,-1.4725
2020-07-31,-0.138
2020-08-03,2.6596
2020-08-04,0.4505
2020-08-05,-3.2189
2020-08-06,-2.309
2020-08-07,0.3142
2020-08-10,1.568
2020-08-11,0.7014
2020-08-12,0.5088
2020-08-13,2.3932
2020-08-14,-1.0862
2020-08-17,1.2873
2020-08-18,-1.0109
2020-08-19,-0.8568
2020-08-20,0.0934
2020-08-21,-0.7082
2020-08-24,-0.5459
2020-08-25,2.0603
2020-08-26,-2.0897
2020-08-27,1.2174
2020-08-28,-1.0198
2020-08-31,-0.4153
2020-09-01,1.0861
2020-09-02,-0.7281
2020-09-03,-0.7274
2020-09-04,-0.5651
2020-09-07,0.9945
2020-09-08,-0.8879
2020-09-09,0.8535
2020-09-10,-0.5588
2020-09-11,1.797
2020-09-14,2.563
2020-09-15,1.7332
2020-09-16,0.9018
2020-09-17,-0.3285
2020-09-18,-1.0292
2020-09-21,-0.6334
2020-09-22,0.5799
2020-09-23,2.5794
2020-09-24,-2.126
2020-09-25,2.0042
2020-09-28,0.0946
2020-09-29,1.3597
2020-09-30,-0.2441
2020-10-01,-1.9153
2020-10-02,-3.7819
2020-10-05,-3.0024
2020-10-06,1.3172
2020-10-07,0.6985
2020-10-08,-2.2507
2020-10-09,-0.1118
2020-10-12,1.3711
2020-10-13,0.9069
2020-10-14,3.0772
2020-10-15,1.3745
2020-10-16,-1.0452
2020-10-19,1.1693
2020-10-20,2.1647
2020-10-21,0.797
2020-10-22,2.1095
2020-10-23,-0.471
2020-10-26,-1.7817
2020-10-27,3.6596
2020-10-28,0.0041
2020-10-29,-2.0056
2020-10-30,0.818
2020-11-02,-2.6262
2020-11-03,-0.3926
2020-11-04,0.7217
2020-11-05,1.1628
2020-11-06,1.9591
2020-11-09,0.1606
2020-11-10,-1.2778
2020-11-11,-2.4683
2020-11-12,1.2979
2020-11-13,1.1355
2020-11-16,0.9701
2020-11-17,-0.0756
2020-11-18,1.142
2020-11-19,-3.1611
2020-11-20,-0.6387
2020-11-23,0.6694
2020-11-24,0.4546
2020-11-25,-0.4542
2020-11-26,0.23
2020-11-27,1.6165
2020-11-30,-2.7102
2020-12-01,1.9786
2020-12-02,1.8485
2020-12-03,1.1473
2020-12-04,-1.3048
2020-12-07,-3.0521
2020-12-08,5.3368
2020-12-09,-2.5357
2020-12-10,1.0496
2020-12-11,-0.5343
2020-12-14,-1.6276
2020-12-15,2.352
2020-12-16,-2.2335
2020-12-17,-1.4543
2020-12-18,1.6316
2020-12-21,1.5097
2020-12-22,1.3254
2020-12-23,-1.0119
2020-12-24,0.5442
2020-12-25,1.699
2020-12-28,0.4132
2020-12-29,2.5386
2020-12-30,-0.4246
2020-12-31,-0.4771
2021-01-01,2.8775
2021-01-04,1.9235
2021-01-05,0.4952
2021-01-06,-2.3827
2021-01-07,1.6845
2021-01-08,-1.9929
2021-01-11,-3.1015
2021-01-12,0.4886
2021-01-13,-0.4762
2021-01-14,-0.9559
2021-01-15,-2.6295
2021-01-18,2.2496
2021-01-19,-3.4359
2021-01-20,1.3065
2021-01-21,-0.6246
2021-01-22,-0.6679
2021-01-25,0.7076
2021-01-26,-0.5975
2021-01-27,-1.4568
2021-01-28,0.4452
2021-01-29,0.3832
2021-02-01,-2.1446
2021-02-02,0.8298
2021-02-03,-1.351
2021-02-04,1.5478
2021-02-05,-1.4895
2021-02-08,-1.8444
2021-02-09,-2.3657
2021-02-10,0.3497
2021-02-11,1.4558
2021-02-12,-1.2996
2021-02-15,-0.4621
2021-02-16,1.6735
2021-02-17,-1.3453
2021-02-18,-0.0147
2021-02-19,-0.169
2021-02-22,-0.8162
2021-02-23,0.2269
2021-02-24,0.3648
2021-02-25,0.1687
2021-02-26,1.9976
2021-03-01,0.7065
2021-03-02,-0.0442
2021-03-03,-0.546
2021-03-04,0.9732
2021-03-05,-0.6634
2021-03-08,-0.2077
2021-03-09,-0.1309
2021-03-10,-0.3934
2021-03-11,-0.8398
2021-03-12,-2.6109
2021-03-15,1.5336
2021-03-16,-1.1198
2021-03-17,-0.4647
2021-03-18,1.8311
2021-03-19,-0.7631
2021-03-22,0.0284
2021-03-23,-0.8147
2021-03-24,2.3991
2021-03-25,-0.9303
2021-03-26,-0.6144
2021-03-29,-2.3296
2021-03-30,0.9483
2021-03-31,2.6771
2021-04-01,1.6268
2021-04-02,-0.5568
2021-04-05,-0.7582
2021-04-06,1.8152
2021-04-07,0.9761
2021-04-08,0.5542
2021-04-09,0.8694
2021-04-12,-2.6839
2021-04-13,2.8899
2021-04-14,-1.327
2021-04-15,-2.6117
2021-04-16,1.7833
2021-04-19,0.6226
2021-04-20,2.4281
2021-04-21,-1.8716
2021-04-22,1.1751
2021-04-23,2.26
2021-04-26,-0.3522
2021-04-27,1.7715
2021-04-28,-2.7222
2021-04-29,0.0835
2021-04-30,-3.2371
2021-05-03,-1.9017
2021-05-04,0.9174
2021-05-05,1.5398
2021-05-06,2.9702
2021-05-07,1.6991
2021-05-10,0.4378
2021-05-11,-0.3008
2021-05-12,0.3244
2021-05-13,1.5026
2021-05-14,-3.6698
2021-05-17,3.201
2021-05-18,1.2581
2021-05-19,-0.0603
2021-05-20,3.0612
2021-05-21,-0.3999
2021-05-24,1.1178
2021-05-25,0.6913
2021-05-26,1.8133
2021-05-27,1.5597
2021-05-28,-0.0316
2021-05-31,2.8468
2021-06-01,1.4629
2021-06-02,-2.8221
2021-06-03,1.8896
2021-06-04,-2.029
2021-06-07,0.9781
2021-06-08,-2.5647
2021-06-09,0.7612
2021-06-10,0.5811
2021-06-11,-1.3791
2021-06-14,-0.5267
2021-06-15,-0.3841
2021-06-16,-1.6295
2021-06-17,-1.0584
2021-06-18,1.7985
2021-06-21,0.9705
2021-06-22,-2.2985
2021-06-23,0.8416
2021-06-24,1.0347
2021-06-25,0.2053
2021-06-28,-0.4703
2021-06-29,0.8838
2021-06-30,-1.1878
2021-07-01,-1.2075
2021-07-02,-0.2654
2021-07-05,-0.723
2021-07-06,-1.7083
2021-07-07,1.548
2021-07-08,0.4545
2021-07-09,0.9897
2021-07-12,2.0179
2021-07-13,0.2926
2021-07-14,0.5232
2021-07-15,1.1276
2021-07-16,0.2303
2021-07-19,0.0514
2021-07-20,1.5325
2021-07-21,2.302
2021-07-22,-1.709
2021-07-23,0.9641
2021-07-26,0.8133
2021-07-27,1.9893
2021-07-28,1.7311
2021-07-29,-0.4433
2021-07-30,2.1023
2021-08-02,-1.6583
2021-08-03,2.0825
2021-08-04,-0.0639
2021-08-05,-1.1138
2021-08-06,-0.4185
2021-08-09,0.2415
2021-08-10,0.6454
2021-08-11,0.0188
2021-08-12,-0.364
2021-08-13,0.8755
2021-08-16,-0.5815
2021-08-17,-0.5474
2021-08-18,-1.6283
2021-08-19,-0.5466
2021-08-20,-2.0211
2021-08-23,-0.7617
2021-08-24,-4.7267
2021-08-25,1.9183
2021-08-26,-1.6116
2021-08-27,2.0701
2021-08-30,0.675
2021-08-31,2.0389
2021-09-01,-3.2047
2021-09-02,-1.4153
2021-09-03,1.7002
2021-09-06,0.4726
2021-09-07,-2.3126
2021-09-08,-1.9883
2021-09-09,0.4083
2021-09-10,-0.6144
2021-09-13,0.8875
2021-09-14,-2.0642
2021-09-15,-0.7897
2021-09-16,-1.7873
2021-09-17,0.5691
2021-09-20,-1.1207
2021-09-21,1.7538
2021-09-22,-1.4794
2021-09-23,-1.1149
2021-09-24,-1.2364
2021-09-27,-1.4794
2021-09-28,0.3871
2021-09-29,-2.7486
2021-09-30,2.5349
2021-10-01,0.8246
2021-10-04,-2.025
2021-10-05,1.3488
2021-10-06,-0.0424
2021-10-07,0.7395
2021-10-08,-0.2748
2021-10-11,0.5749
2021-10-12,-0.8026
2021-10-13,-3.3695
2021-10-14,-3.9
2021-10-15,-4.3211
2021-10-18,-1.7772
2021-10-19,-0.9374
2021-10-20,2.5737
2021-10-21,0.6849
2021-10-22,-6.7439
2021-10-25,5.5211
2021-10-26,-0.7112
2021-10-27,1.6155
2021-10-28,1.3472
2021-10-29,1.6716
2021-11-01,-1.1371
2021-11-02,2.3853
2021-11-03,0.5425
2021-11-04,0.7324
2021-11-05,0.5272
2021-11-08,-2.9261
2021-11-09,0.36
2021-11-10,0.8519
2021-11-11,0.9333
2021-11-12,0.2516
2021-11-15,3.1017
2021-11-16,-2.5466
2021-11-17,0.6445
2021-11-18,0.0592
2021-11-19,-0.9326
2021-11-22,-3.571
2021-11-23,2.7137
2021-11-24,3.867
2021-11-25,-0.4398
2021-11-26,1.2827
2021-11-29,-0.9021
2021-11-30,-0.1727
2021-12-01,0.9955
2021-12-02,2.3647
2021-12-03,-1.0405
2021-12-06,1.0282
2021-12-07,-0.8422
2021-12-08,-2.8034
2021-12-09,2.4507
2021-12-10,0.1661
2021-12-13,-1.9289
2021-12-14,0.3636
2021-12-15,0.6722
2021-12-16,-1.7525
2021-12-17,2.3299
2021-12-20,-0.1863
2021-12-21,-2.2797
2021-12-22,3.3052
2021-12-23,-0.0582
2021-12-24,-2.2162
2021-12-27,1.0241
2021-12-28,0.9287
2021-12-29,0.6101
2021-12-30,-1.1089
2021-12-31,-0.4509
2022-01-03,-1.7946
2022-01-04,-0.6743
2022-01-05,1.383
2022-01-06,1.8417
2022-01-07,0.8966
2022-01-10,2.2636
2022-01-11,0.204
2022-01-12,0.5701
2022-01-13,0.6419
2022-01-14,1.6095
2022-01-17,0.2216
2022-01-18,0.3585
2022-01-19,-2.1212
2022-01-20,0.0816
2022-01-21,-0.7345
2022-01-24,-0.0074
2022-01-25,-0.9253
2022-01-26,1.2347
2022-01-27,-0.4376
2022-01-28,0.4187
2022-01-31,-0.3303
2022-02-01,-2.125
2022-02-02,-0.1221
2022-02-03,-1.9143
2022-02-04,-0.4574
2022-02-07,1.3738
2022-02-08,-1.0411
2022-02-09,-1.6845
2022-02-10,2.4487
2022-02-11,1.2462
2022-02-14,0.019
2022-02-15,-1.3348
2022-02-16,-0.3355
2022-02-17,0.2604
2022-02-18,0.4917
2022-02-21,1.2252
2022-02-22,-0.0681
2022-02-23,-0.6461
2022-02-24,0.6073
2022-02-25,0.3667
2022-02-28,-0.8507
2022-03-01,0.4621
2022-03-02,0.965
2022-03-03,1.181
2022-03-04,-0.9515
2022-03-07,0.7688
2022-03-08,-0.5521
2022-03-09,-0.8097
2022-03-10,0.605
2022-03-11,2.1005
2022-03-14,1.2785
2022-03-15,-0.4099
2022-03-16,0.9317
2022-03-17,1.2478
2022-03-18,-0.8198
2022-03-21,-0.7613
2022-03-22,-0.5515
2022-03-23,1.1759
2022-03-24,-0.0917
2022-03-25,1.6494
2022-03-28,-1.0613
2022-03-29,-0.6061
2022-03-30,-0.8773
2022-03-31,0.1568
2022-04-01,2.3057
2022-04-04,-0.1745
2022-04-05,-0.3113
2022-04-06,0.749
2022-04-07,0.1877
2022-04-08,-0.8867
2022-04-11,1.6701
2022-04-12,1.782
2022-04-13,-1.1685
2022-04-14,-0.7797
2022-04-15,0.2134
2022-04-18,0.8799
2022-04-19,-1.8505
2022-04-20,-1.1779
2022-04-21,0.8974
2022-04-22,3.149
2022-04-25,0.8991
2022-04-26,-0.7129
2022-04-27,2.0313
2022-04-28,1.9546
2022-04-29,0.2836
2022-05-02,0.7543
2022-05-03,-2.4884
2022-05-04,-0.7272
2022-05-05,-2.4262
2022-05-06,-0.4662
2022-05-09,-0.972
2022-05-10,5.8225
2022-05-11,-3.8553
2022-05-12,3.2647
2022-05-13,-3.5456
2022-05-16,3.0954
2022-05-17,-1.4671
2022-05-18,-5.5015
2022-05-19,-3.1106
2022-05-20,-1.2353
2022-05-23,1.0864
2022-05-24,1.4331
2022-05-25,-2.6685
2022-05-26,2.7857
2022-05-27,1.5617
2022-05-30,-3.8535
2022-05-31,0.2165
2022-06-01,1.6459
2022-06-02,-4.1657
2022-06-03,-1.2541
2022-06-06,3.2695
2022-06-07,5.1169
2022-06-08,-0.4054
2022-06-09,-2.0443
2022-06-10,-0.8004
2022-06-13,-5.6204
2022-06-14,1.3631
2022-06-15,-3.537
2022-06-16,0.5482
2022-06-17,4.5745
2022-06-20,-0.0948
2022-06-21,1.5882
2022-06-22,-1.8922
2022-06-23,0.394
2022-06-24,-2.9084
2022-06-27,0.8806
2022-06-28,-3.2612
2022-06-29,-4.1885
2022-06-30,-0.6414
2022-07-01,5.7936
2022-07-04,5.785
2022-07-05,3.1163
2022-07-06,-2.2236
2022-07-07,1.726
2022-07-08,5.5707
2022-07-11,-3.4408
2022-07-12,1.0053
2022-07-13,-6.4438
2022-07-14,-0.0349
2022-07-15,-4.0444
2022-07-18,-0.0281
2022-07-19,-3.263
2022-07-20,-3.129
2022-07-21,0.1045
2022-07-22,-2.4867
2022-07-25,2.7448
2022-07-26,4.6176
2022-07-27,-2.2765
2022-07-28,-3.1754
2022-07-29,-0.402
2022-08-01,0.7016
2022-08-02,3.7547
2022-08-03,2.445
2022-08-04,1.5832
2022-08-05,-0.0839
2022-08-08,1.3283
